{"_runtime":1.148002912,"_wandb":{"runtime":1},"_step":0,"test":1,"_timestamp":1.7461020030526738e+09}